,Unnamed: 0,Sales
count,2.0,2.0
mean,0.5,844000.0
std,0.7071067811865476,995606.3479106589
min,0.0,140000.0
25%,0.25,492000.0
50%,0.5,844000.0
75%,0.75,1196000.0
max,1.0,1548000.0
